id,assists,bonus,bps,clean_sheets,creativity,goals_conceded,goals_scored,ict_index,in_dreamteam,influence,minutes,own_goals,penalties_missed,penalties_saved,red_cards,saves,threat,total_points,yellow_cards
1,0,0,0,0,0.0,0,0,0.0,False,0.0,0,0,0,0,0,0,0.0,0,0
2,0,0,0,0,0.0,0,0,0.0,False,0.0,0,0,0,0,0,0,0.0,0,0
3,0,0,0,0,0.0,0,0,0.0,False,0.0,0,0,0,0,0,0,0.0,0,0
4,0,0,0,0,0.0,0,0,0.0,False,0.0,0,0,0,0,0,0,0.0,0,0
5,0,0,32,0,44.9,2,0,9.8,False,32.4,165,0,0,0,0,0,20.0,4,0
6,2,0,28,1,58.5,1,0,24.3,False,28.0,173,0,0,0,0,0,157.0,10,0
7,0,0,25,0,69.6,2,0,14.4,False,34.0,180,0,0,0,0,0,40.0,4,0
8,0,0,0,0,0.0,0,0,0.0,False,0.0,0,0,0,0,0,0,0.0,0,0
9,0,0,0,0,0.0,0,0,0.0,False,0.0,0,0,0,0,0,0,0.0,0,0
10,0,0,14,0,1.7,1,0,2.7,False,23.0,90,0,0,0,0,0,2.0,2,0
11,0,0,0,0,0.0,0,0,0.0,False,0.0,0,0,0,0,0,0,0.0,0,0
12,0,0,0,0,0.0,0,0,0.0,False,0.0,0,0,0,0,0,0,0.0,0,0
13,0,0,0,0,0.0,0,0,0.0,False,0.0,0,0,0,0,0,0,0.0,0,0
14,0,0,0,0,0.0,0,0,0.0,False,0.0,0,0,0,0,0,0,0.0,0,0
15,1,0,44,0,64.7,2,0,16.1,False,40.6,180,0,0,0,0,0,56.0,7,0
16,0,0,29,0,37.0,2,0,8.8,False,27.4,180,0,0,0,0,0,24.0,4,0
17,0,1,25,0,4.8,1,1,10.0,False,36.4,34,0,0,0,0,0,59.0,8,0
18,0,0,0,0,0.0,0,0,0.0,False,0.0,0,0,0,0,0,0,0.0,0,0
19,0,3,27,0,1.6,1,1,11.9,False,45.2,87,0,0,0,0,0,72.0,10,0
20,1,0,22,0,10.3,1,0,3.6,False,21.2,20,0,0,0,0,0,4.0,5,0
21,0,3,29,1,10.5,0,1,7.1,False,35.8,74,0,0,0,0,0,25.0,11,0
22,0,3,35,0,100.8,2,1,32.1,False,55.6,180,0,0,0,0,0,165.0,11,1
23,0,0,23,0,2.6,2,0,4.7,False,25.2,180,0,0,0,0,0,20.0,3,1
24,0,0,0,0,0.0,0,0,0.0,False,0.0,0,0,0,0,0,0,0.0,0,0
25,0,0,0,0,0.0,0,0,0.0,False,0.0,0,0,0,0,0,0,0.0,0,0
26,0,0,2,0,23.5,1,0,6.4,False,5.0,70,0,0,0,0,0,35.0,2,0
27,0,0,0,0,0.0,0,0,0.0,False,0.0,0,0,0,0,0,0,0.0,0,0
28,0,0,0,0,0.0,0,0,0.0,False,0.0,0,0,0,0,0,0,0.0,0,0
29,0,0,0,0,0.0,0,0,0.0,False,0.0,0,0,0,0,0,0,0.0,0,0
30,0,0,15,0,0.0,1,0,2.5,False,25.4,90,0,0,0,0,3,0.0,3,0
31,0,0,0,0,0.0,0,0,0.0,False,0.0,0,0,0,0,0,0,0.0,0,0
32,0,0,0,0,0.0,0,0,0.0,False,0.0,0,0,0,0,0,0,0.0,0,0
33,0,0,0,0,0.0,0,0,0.0,False,0.0,0,0,0,0,0,0,0.0,0,0
34,0,0,0,0,0.0,0,0,0.0,False,0.0,0,0,0,0,0,0,0.0,0,0
35,0,0,15,0,29.2,1,0,5.5,False,16.4,90,0,0,0,0,0,9.0,2,0
36,0,0,0,0,0.0,0,0,0.0,False,0.0,0,0,0,0,0,0,0.0,0,0
37,0,0,0,0,0.0,0,0,0.0,False,0.0,0,0,0,0,0,0,0.0,0,0
38,0,0,19,0,0.8,1,0,2.0,False,16.8,90,0,0,0,0,0,2.0,2,0
39,0,0,19,0,41.3,1,0,6.9,False,24.0,90,0,0,0,0,0,4.0,2,0
40,0,0,4,0,17.8,1,0,5.1,False,5.0,32,0,0,0,0,0,28.0,1,0
41,0,0,0,0,0.0,0,0,0.0,False,0.0,0,0,0,0,0,0,0.0,0,0
42,0,0,0,0,0.0,0,0,0.0,False,0.0,0,0,0,0,0,0,0.0,0,0
43,0,0,15,1,60.9,0,0,9.4,False,16.6,70,0,0,0,0,0,16.0,3,0
44,0,0,16,1,29.7,0,0,5.5,False,19.2,64,0,0,0,0,0,6.0,5,1
45,0,0,0,0,0.0,0,0,0.0,False,0.0,0,0,0,0,0,0,0.0,0,0
46,0,0,0,0,0.0,0,0,0.0,False,0.0,0,0,0,0,0,0,0.0,0,0
47,0,0,0,0,0.0,0,0,0.0,False,0.0,0,0,0,0,0,0,0.0,0,0
48,0,0,0,0,0.0,0,0,0.0,False,0.0,0,0,0,0,0,0,0.0,0,0
49,0,0,0,0,0.0,0,0,0.0,False,0.0,0,0,0,0,0,0,0.0,0,0
50,0,0,4,0,1.8,0,0,1.3,False,3.2,57,0,0,0,0,0,8.0,1,0
51,0,0,21,0,8.9,1,0,4.8,False,14.6,90,0,0,0,0,0,24.0,2,0
52,0,0,7,0,29.4,1,0,4.4,False,14.2,25,0,0,0,0,0,0.0,1,0
53,0,0,7,0,1.8,2,0,1.3,False,1.0,55,0,0,0,0,0,10.0,1,0
54,0,0,0,0,0.0,0,0,0.0,False,0.0,0,0,0,0,0,0,0.0,0,0
55,0,0,0,0,0.0,0,0,0.0,False,0.0,0,0,0,0,0,0,0.0,0,0
56,0,0,11,0,2.0,3,0,4.3,False,27.8,90,0,0,0,0,0,13.0,0,1
57,0,0,0,0,0.0,0,0,0.0,False,0.0,0,0,0,0,0,0,0.0,0,0
58,0,0,13,0,0.8,1,0,3.4,False,29.4,90,0,0,0,0,0,4.0,1,1
59,0,0,0,0,0.0,0,0,0.0,False,0.0,0,0,0,0,0,0,0.0,0,0
60,0,0,5,0,27.0,1,0,3.9,False,6.2,35,0,0,0,0,0,6.0,1,0
61,0,0,0,0,0.0,0,0,0.0,False,0.0,0,0,0,0,0,0,0.0,0,0
62,0,0,17,0,3.3,3,0,2.7,False,23.8,90,0,0,0,0,0,0.0,1,0
63,0,0,2,0,4.5,3,0,2.3,False,0.0,90,0,0,0,0,0,22.0,2,0
64,0,0,-1,0,3.3,1,0,0.7,False,1.0,35,0,0,0,0,0,3.0,1,0
65,0,0,0,0,0.0,0,0,0.0,False,0.0,0,0,0,0,0,0,0.0,0,0
66,0,0,0,0,0.0,0,0,0.0,False,0.0,0,0,0,0,0,0,0.0,0,0
67,0,0,24,0,36.4,2,0,9.0,False,32.0,180,0,0,0,0,0,22.0,4,0
68,0,0,0,0,0.0,0,0,0.0,False,0.0,0,0,0,0,0,0,0.0,0,0
69,0,0,12,0,0.0,3,0,1.3,False,13.2,90,0,0,0,0,1,0.0,1,0
70,0,0,8,0,13.5,3,0,2.3,False,9.8,90,0,0,0,0,0,0.0,2,0
71,0,0,14,0,32.3,3,0,5.2,False,20.0,90,0,0,0,0,0,0.0,1,0
72,0,0,0,0,0.0,0,0,0.0,False,0.0,0,0,0,0,0,0,0.0,0,0
73,0,0,0,0,0.0,0,0,0.0,False,0.0,0,0,0,0,0,0,0.0,0,0
74,0,0,17,0,32.2,3,0,6.7,False,6.0,90,0,0,0,0,0,29.0,2,0
75,0,0,9,0,2.9,2,0,1.6,False,7.0,54,0,0,0,0,0,6.0,1,0
76,0,0,9,0,0.0,2,0,3.1,False,31.4,90,0,0,0,0,0,0.0,0,1
77,0,0,26,0,1.0,2,1,6.9,False,46.6,90,0,0,0,0,0,21.0,7,0
78,0,0,0,0,0.0,0,0,0.0,False,0.0,0,0,0,0,0,0,0.0,0,0
79,0,0,0,0,0.0,0,0,0.0,False,0.0,0,0,0,0,0,0,0.0,0,0
80,0,0,19,0,0.0,2,0,3.2,False,32.0,90,0,0,0,0,5,0.0,2,0
81,0,0,7,0,2.5,2,0,2.2,False,17.4,83,0,0,0,0,0,2.0,2,0
82,0,0,9,0,20.9,1,0,3.3,False,12.2,67,0,0,0,0,0,0.0,2,0
83,0,0,10,0,0.4,2,0,1.2,False,11.4,90,0,0,0,0,0,0.0,1,0
84,0,0,3,0,4.7,2,0,1.5,False,2.2,46,0,0,0,0,0,8.0,1,0
85,0,0,3,0,0.0,0,0,0.0,False,0.0,6,0,0,0,0,0,0.0,1,0
86,0,0,5,0,4.0,0,0,0.7,False,3.0,43,0,0,0,0,0,0.0,1,0
87,0,0,0,0,0.0,0,0,0.0,False,0.0,0,0,0,0,0,0,0.0,0,0
88,0,0,0,0,0.0,0,0,0.0,False,0.0,0,0,0,0,0,0,0.0,0,0
89,0,0,0,0,0.0,0,0,0.0,False,0.0,0,0,0,0,0,0,0.0,0,0
90,0,0,0,0,0.0,0,0,0.0,False,0.0,0,0,0,0,0,0,0.0,0,0
91,0,0,15,0,0.6,2,0,3.0,False,29.8,90,0,0,0,0,0,0.0,1,0
92,0,0,0,0,0.0,0,0,0.0,False,0.0,0,0,0,0,0,0,0.0,0,0
93,0,0,0,0,0.0,0,0,0.0,False,0.0,0,0,0,0,0,0,0.0,0,0
94,0,0,0,0,0.0,0,0,0.0,False,0.0,0,0,0,0,0,0,0.0,0,0
95,0,0,0,0,0.0,0,0,0.0,False,0.0,0,0,0,0,0,0,0.0,0,0
96,0,0,7,0,11.6,2,0,4.1,False,7.6,90,0,0,0,0,0,22.0,2,0
97,0,0,0,0,0.0,0,0,0.0,False,0.0,0,0,0,0,0,0,0.0,0,0
98,0,0,26,1,0.4,0,0,3.3,False,28.6,90,0,0,0,0,0,4.0,6,0
99,0,0,0,0,0.0,0,0,0.0,False,0.0,0,0,0,0,0,0,0.0,0,0
100,0,1,55,2,13.0,0,0,5.5,False,38.4,180,0,0,0,0,0,4.0,13,0
101,0,0,14,2,23.0,0,0,4.6,False,21.2,180,0,0,0,0,0,2.0,5,1
102,0,0,0,0,0.0,0,0,0.0,False,0.0,0,0,0,0,0,0,0.0,0,0
103,0,0,0,0,0.0,0,0,0.0,False,0.0,0,0,0,0,0,0,0.0,0,0
104,1,0,15,1,22.9,0,0,10.3,False,33.2,125,0,0,0,0,0,47.0,6,0
105,0,0,6,0,0.0,0,0,0.0,False,0.0,3,0,0,0,0,0,0.0,2,0
106,0,3,63,2,15.0,0,1,15.0,True,69.0,180,0,0,0,0,0,66.0,21,0
107,0,0,0,0,0.0,0,0,0.0,False,0.0,0,0,0,0,0,0,0.0,0,0
108,0,0,0,0,0.0,0,0,0.0,False,0.0,0,0,0,0,0,0,0.0,0,0
109,0,0,7,0,23.3,1,0,3.6,False,5.0,90,0,0,0,0,0,8.0,2,0
110,0,0,3,0,0.0,0,0,0.1,False,1.0,1,0,0,0,0,0,0.0,1,0
111,0,0,0,0,0.0,0,0,0.0,False,0.0,0,0,0,0,0,0,0.0,0,0
112,0,1,48,2,10.0,0,0,3.6,True,26.2,180,0,0,0,0,3,0.0,13,0
113,0,0,0,0,0.0,0,0,0.0,False,0.0,0,0,0,0,0,0,0.0,0,0
114,0,0,0,0,0.0,0,0,0.0,False,0.0,0,0,0,0,0,0,0.0,0,0
115,1,3,57,2,73.5,0,1,23.6,True,99.4,180,0,0,0,0,0,63.0,16,1
116,0,0,0,0,0.0,0,0,0.0,False,0.0,0,0,0,0,0,0,0.0,0,0
117,0,0,0,0,0.0,0,0,0.0,False,0.0,0,0,0,0,0,0,0.0,0,0
118,0,0,34,2,55.6,0,0,14.5,False,30.6,180,0,0,0,0,0,59.0,6,0
119,0,0,0,0,0.0,0,0,0.0,False,0.0,0,0,0,0,0,0,0.0,0,0
120,0,0,0,0,0.0,0,0,0.0,False,0.0,0,0,0,0,0,0,0.0,0,0
121,0,2,29,1,1.3,0,0,2.4,False,22.8,90,0,0,0,0,0,0.0,8,0
122,1,0,15,0,14.1,0,0,3.6,False,22.2,16,0,0,0,0,0,0.0,4,0
123,0,0,7,1,1.4,0,0,1.4,False,12.4,73,0,0,0,0,0,0.0,3,0
124,0,0,0,0,0.0,0,0,0.0,False,0.0,0,0,0,0,0,0,0.0,0,0
125,0,0,2,0,0.3,0,0,0.2,False,1.6,16,0,0,0,0,0,0.0,1,0
126,0,0,0,0,0.0,0,0,0.0,False,0.0,0,0,0,0,0,0,0.0,0,0
127,0,0,26,1,5.7,0,0,3.3,False,16.2,90,0,0,0,0,0,11.0,6,0
128,0,0,20,0,1.3,1,0,3.8,False,34.4,90,0,0,0,0,0,2.0,2,0
129,0,0,0,0,0.0,0,0,0.0,False,0.0,0,0,0,0,0,0,0.0,0,0
130,0,0,7,1,16.7,0,0,4.8,False,12.4,73,0,0,0,0,0,19.0,3,0
131,0,3,33,1,4.0,0,1,10.7,False,46.4,90,0,0,0,0,0,57.0,11,0
132,0,0,1,0,0.3,0,0,0.0,False,0.0,16,0,0,0,0,0,0.0,1,0
133,0,1,28,1,17.3,0,0,3.8,False,20.2,90,0,0,0,0,0,0.0,7,0
134,0,0,0,0,0.0,0,0,0.0,False,0.0,0,0,0,0,0,0,0.0,0,0
135,0,0,0,0,0.0,0,0,0.0,False,0.0,0,0,0,0,0,0,0.0,0,0
136,0,0,0,0,0.0,0,0,0.0,False,0.0,0,0,0,0,0,0,0.0,0,0
137,0,0,0,1,3.8,0,0,3.1,False,0.2,90,0,0,0,0,0,27.0,2,1
138,0,0,0,0,0.0,0,0,0.0,False,0.0,0,0,0,0,0,0,0.0,0,0
139,0,0,0,0,0.0,0,0,0.0,False,0.0,0,0,0,0,0,0,0.0,0,0
140,0,0,0,0,0.0,0,0,0.0,False,0.0,0,0,0,0,0,0,0.0,0,0
141,0,0,-2,1,14.0,0,0,2.3,False,0.0,90,0,0,0,0,0,14.0,2,1
142,0,0,0,0,0.0,0,0,0.0,False,0.0,0,0,0,0,0,0,0.0,0,0
143,0,0,23,1,0.0,0,0,0.4,False,4.0,90,0,0,0,0,0,0.0,6,0
144,1,2,40,0,4.2,1,1,6.1,False,37.4,90,0,0,0,0,0,19.0,12,0
145,0,0,10,0,5.8,3,0,2.5,False,10.8,90,0,0,0,0,0,8.0,2,0
146,0,0,7,0,0.0,0,0,1.2,False,12.2,45,0,0,0,0,2,0.0,1,0
147,0,0,0,0,0.0,0,0,0.0,False,0.0,0,0,0,0,0,0,0.0,0,0
148,1,0,35,0,14.1,1,0,5.2,False,38.0,100,0,0,0,0,0,0.0,6,0
149,0,0,0,0,0.0,0,0,0.0,False,0.0,0,0,0,0,0,0,0.0,0,0
150,0,0,21,0,12.3,2,0,3.5,False,22.0,180,0,0,0,0,0,1.0,3,1
151,0,0,0,0,0.0,0,0,0.0,False,0.0,0,0,0,0,0,0,0.0,0,0
152,0,0,0,0,0.0,0,0,0.0,False,0.0,0,0,0,0,0,0,0.0,0,0
153,1,0,24,1,17.2,0,0,4.8,False,23.6,101,0,0,0,0,0,8.0,6,0
154,0,3,48,0,50.3,2,2,19.1,True,84.4,180,0,0,0,0,0,56.0,17,0
155,0,0,5,0,3.4,1,0,3.1,False,6.6,90,0,0,0,0,0,21.0,2,0
156,0,0,10,0,0.0,2,0,0.7,False,6.4,135,0,0,0,0,0,0.0,3,0
157,0,0,0,0,0.0,0,0,0.0,False,0.0,0,0,0,0,0,0,0.0,0,0
158,0,0,0,0,0.0,0,0,0.0,False,0.0,0,0,0,0,0,0,0.0,0,0
159,0,1,30,0,2.0,1,1,6.0,False,33.2,91,0,0,0,0,0,25.0,8,0
160,0,0,3,0,0.0,1,0,0.0,False,0.0,5,0,0,0,0,0,0.0,1,0
161,0,0,0,0,0.0,0,0,0.0,False,0.0,0,0,0,0,0,0,0.0,0,0
162,1,0,44,0,22.2,2,0,8.2,False,57.0,180,0,0,0,0,0,3.0,7,0
163,0,0,0,0,0.0,0,0,0.0,False,0.0,0,0,0,0,0,0,0.0,0,0
164,0,0,0,0,0.0,0,0,0.0,False,0.0,0,0,0,0,0,0,0.0,0,0
165,0,0,15,0,1.8,2,0,1.8,False,13.6,90,0,0,0,0,0,3.0,1,0
166,0,0,0,0,0.0,0,0,0.0,False,0.0,0,0,0,0,0,0,0.0,0,0
167,0,0,0,0,0.0,0,0,0.0,False,0.0,0,0,0,0,0,0,0.0,0,0
168,0,0,13,0,43.7,1,0,7.7,False,10.2,90,0,0,0,0,0,23.0,2,0
169,0,0,15,0,0.6,2,0,1.9,False,16.4,90,0,0,0,0,0,2.0,1,0
170,0,0,29,0,10.0,2,0,8.1,False,70.6,90,0,0,0,0,9,0.0,4,0
171,0,0,2,0,1.6,0,0,0.3,False,1.2,45,0,0,0,0,0,0.0,0,1
172,0,0,1,0,3.6,2,0,0.4,False,0.0,45,0,0,0,0,0,1.0,1,0
173,0,0,0,0,0.0,0,0,0.0,False,0.0,0,0,0,0,0,0,0.0,0,0
174,0,0,7,0,12.8,1,0,2.1,False,5.8,64,0,0,0,0,0,2.0,2,0
175,0,0,0,0,0.0,0,0,0.0,False,0.0,0,0,0,0,0,0,0.0,0,0
176,0,0,0,0,0.0,0,0,0.0,False,0.0,0,0,0,0,0,0,0.0,0,0
177,0,0,3,0,4.1,2,0,3.1,False,0.8,90,0,0,0,0,0,26.0,1,1
178,0,0,12,0,0.4,2,0,2.8,False,27.8,90,0,0,0,0,0,0.0,1,0
179,0,0,0,0,0.0,0,0,0.0,False,0.0,0,0,0,0,0,0,0.0,0,0
180,0,0,4,0,6.1,2,0,2.7,False,9.0,90,0,0,0,0,0,12.0,2,0
181,0,0,0,0,0.0,0,0,0.0,False,0.0,0,0,0,0,0,0,0.0,0,0
182,0,0,0,0,0.0,0,0,0.0,False,0.0,0,0,0,0,0,0,0.0,0,0
183,0,0,0,0,0.0,0,0,0.0,False,0.0,0,0,0,0,0,0,0.0,0,0
184,0,0,0,0,0.0,0,0,0.0,False,0.0,0,0,0,0,0,0,0.0,0,0
185,0,0,22,0,1.6,10,0,2.8,False,26.8,180,0,0,0,0,0,0.0,-3,2
186,0,0,13,0,28.6,7,0,11.1,False,17.4,135,0,0,0,0,0,65.0,2,1
187,0,1,31,0,22.8,7,1,7.2,False,41.6,135,0,0,0,0,0,8.0,8,0
188,0,0,16,0,2.0,10,0,3.5,False,28.6,180,0,0,0,0,0,4.0,4,0
189,0,0,0,0,0.0,0,0,0.0,False,0.0,0,0,0,0,0,0,0.0,0,0
190,0,0,7,0,0.3,2,0,0.7,False,6.2,45,0,0,0,0,0,0.0,0,0
191,0,0,0,0,0.0,0,0,0.0,False,0.0,0,0,0,0,0,0,0.0,0,0
192,0,0,0,0,0.0,0,0,0.0,False,0.0,0,0,0,0,0,0,0.0,0,0
193,0,0,3,0,11.8,3,0,1.5,False,3.0,45,0,0,0,0,0,0.0,1,0
194,0,0,3,0,0.0,0,0,0.0,False,0.0,30,0,0,0,0,0,0.0,1,0
195,0,0,0,0,0.0,0,0,0.0,False,0.0,0,0,0,0,0,0,0.0,0,0
196,0,0,26,0,11.6,8,1,10.4,False,50.2,135,0,0,0,0,0,42.0,7,1
197,0,0,4,0,0.1,3,0,0.7,False,7.0,45,0,0,0,0,0,0.0,1,0
198,0,0,25,0,0.7,10,0,2.5,False,24.8,180,0,0,0,0,0,0.0,-2,1
199,0,0,46,0,0.0,10,0,9.5,False,94.2,180,0,0,0,0,13,0.0,2,0
200,0,0,9,0,0.1,2,0,1.2,False,11.6,90,0,0,0,0,1,0.0,1,0
201,0,0,0,0,0.0,0,0,0.0,False,0.0,0,0,0,0,0,0,0.0,0,0
202,1,1,23,0,29.7,2,0,6.9,False,31.6,90,0,0,0,0,0,8.0,5,1
203,0,0,0,0,0.0,0,0,0.0,False,0.0,0,0,0,0,0,0,0.0,0,0
204,0,0,0,0,0.0,0,0,0.0,False,0.0,0,0,0,0,0,0,0.0,0,0
205,0,0,0,0,0.0,0,0,0.0,False,0.0,0,0,0,0,0,0,0.0,0,0
206,0,0,0,0,0.0,0,0,0.0,False,0.0,0,0,0,0,0,0,0.0,0,0
207,0,0,11,0,15.8,2,0,6.0,False,24.8,90,0,0,0,0,0,19.0,0,1
208,0,0,17,0,0.9,2,0,1.6,False,15.2,90,0,0,0,0,0,0.0,1,0
209,0,0,0,0,0.0,0,0,0.0,False,0.0,0,0,0,0,0,0,0.0,0,0
210,0,0,12,0,32.3,2,0,8.2,False,15.6,90,0,0,0,0,0,34.0,2,0
211,0,0,0,0,0.0,0,0,0.0,False,0.0,0,0,0,0,0,0,0.0,0,0
212,0,0,1,0,2.3,0,0,1.1,False,0.0,16,0,0,0,0,0,12.0,1,0
213,0,0,2,0,0.3,0,0,0.0,False,0.0,17,0,0,0,0,0,0.0,1,0
214,0,0,0,0,0.0,0,0,0.0,False,0.0,0,0,0,0,0,0,0.0,0,0
215,0,0,0,0,0.0,0,0,0.0,False,0.0,0,0,0,0,0,0,0.0,0,0
216,0,0,9,0,2.6,2,0,2.9,False,7.2,73,0,0,0,0,0,19.0,2,0
217,0,0,16,0,0.8,2,0,2.2,False,21.4,90,0,0,0,0,0,0.0,0,1
218,0,0,0,0,0.0,0,0,0.0,False,0.0,0,0,0,0,0,0,0.0,0,0
219,0,0,17,0,4.1,2,0,2.2,False,18.0,90,0,0,0,0,0,0.0,1,0
220,0,0,0,0,0.0,0,0,0.0,False,0.0,0,0,0,0,0,0,0.0,0,0
221,0,0,4,0,14.8,0,0,2.6,False,3.4,13,0,0,0,0,0,8.0,1,0
222,2,1,46,0,57.2,1,0,13.4,False,52.4,112,0,0,0,0,0,24.0,10,0
223,0,0,0,0,0.0,0,0,0.0,False,0.0,0,0,0,0,0,0,0.0,0,0
224,0,0,59,1,14.6,1,1,10.5,True,72.0,180,0,0,0,0,0,19.0,14,0
225,0,0,26,1,28.4,0,0,6.2,False,23.4,95,0,0,0,0,0,10.0,4,0
226,0,0,0,0,0.0,0,0,0.0,False,0.0,0,0,0,0,0,0,0.0,0,0
227,0,0,4,0,3.8,1,0,3.3,False,1.8,61,0,0,0,0,0,27.0,2,0
228,0,0,0,0,0.0,0,0,0.0,False,0.0,0,0,0,0,0,0,0.0,0,0
229,0,0,57,1,22.9,1,1,13.5,True,71.8,180,0,0,0,0,0,40.0,14,0
230,1,3,83,1,84.2,1,3,30.7,True,122.4,180,0,0,0,0,0,100.0,26,0
231,1,0,51,1,10.0,1,0,5.3,False,42.4,180,0,0,0,0,2,0.0,11,0
232,0,0,8,1,3.3,0,0,1.7,False,5.8,90,0,0,0,0,0,8.0,3,0
233,1,5,88,1,91.3,1,3,42.6,True,135.8,180,0,0,0,0,0,198.0,28,0
234,2,1,48,1,53.0,0,0,10.7,False,33.2,90,0,0,0,0,0,21.0,13,0
235,0,0,4,0,0.5,0,0,3.0,False,3.0,33,0,0,0,0,0,28.0,2,0
236,0,0,3,0,0.0,0,0,0.0,False,0.0,1,0,0,0,0,0,0.0,1,0
237,0,0,26,1,33.8,0,0,5.3,False,8.8,90,0,0,0,0,0,10.0,6,0
238,0,0,17,0,20.0,1,0,3.9,False,17.4,90,0,0,0,0,0,2.0,2,0
239,0,0,13,0,29.8,1,0,5.6,False,16.0,62,0,0,0,0,0,10.0,2,0
240,0,0,0,0,0.0,0,0,0.0,False,0.0,0,0,0,0,0,0,0.0,0,0
241,0,0,0,0,0.0,0,0,0.0,False,0.0,0,0,0,0,0,0,0.0,0,0
242,0,0,0,0,0.0,0,0,0.0,False,0.0,0,0,0,0,0,0,0.0,0,0
243,0,0,0,0,0.0,0,0,0.0,False,0.0,0,0,0,0,0,0,0.0,0,0
244,0,0,18,1,14.7,0,0,8.2,False,21.2,76,0,0,0,0,0,46.0,3,0
245,1,0,23,0,27.9,1,0,9.8,False,36.6,90,0,0,0,0,0,33.0,5,0
246,0,0,0,0,0.0,0,0,0.0,False,0.0,0,0,0,0,0,0,0.0,0,0
247,0,0,0,0,0.0,0,0,0.0,False,0.0,0,0,0,0,0,0,0.0,0,0
248,0,0,0,0,0.0,0,0,0.0,False,0.0,0,0,0,0,0,0,0.0,0,0
249,0,0,15,0,25.3,3,0,4.5,False,13.6,90,0,0,0,0,0,6.0,1,0
250,0,0,24,0,17.2,3,1,11.3,False,37.4,90,0,0,0,0,0,58.0,7,0
251,0,0,14,0,30.8,3,0,5.4,False,13.6,90,0,0,0,0,0,10.0,2,0
252,0,0,0,0,0.0,0,0,0.0,False,0.0,0,0,0,0,0,0,0.0,0,0
253,0,0,0,0,0.0,0,0,0.0,False,0.0,0,0,0,0,0,0,0.0,0,0
254,0,0,21,0,5.6,1,1,7.7,False,34.4,22,0,0,0,0,0,37.0,6,0
255,0,0,10,0,22.1,2,0,6.4,False,4.2,67,0,0,0,0,0,38.0,2,0
256,0,0,20,0,33.8,3,0,8.7,False,22.6,90,0,0,0,0,0,31.0,1,0
257,0,0,11,0,0.0,3,0,1.5,False,15.2,90,0,0,0,0,2,0.0,1,0
258,0,0,0,0,0.0,0,0,0.0,False,0.0,0,0,0,0,0,0,0.0,0,0
259,0,0,18,0,30.0,3,0,5.5,False,22.8,90,0,0,0,0,0,2.0,1,0
260,0,0,0,0,0.0,0,0,0.0,False,0.0,0,0,0,0,0,0,0.0,0,0
261,1,0,19,0,25.9,3,0,7.8,False,4.2,90,0,0,0,0,0,48.0,5,0
262,0,0,15,0,5.0,3,0,2.2,False,8.2,90,0,0,0,0,0,9.0,1,0
263,0,0,0,0,0.0,0,0,0.0,False,0.0,0,0,0,0,0,0,0.0,0,0
264,0,0,0,0,0.0,0,0,0.0,False,0.0,0,0,0,0,0,0,0.0,0,0
265,0,0,14,0,25.5,3,0,6.5,False,7.6,90,0,0,0,0,0,32.0,2,0
266,0,0,14,0,31.2,3,0,5.9,False,20.0,90,0,0,0,0,0,8.0,2,0
267,0,0,11,0,3.7,8,0,1.8,False,9.2,135,0,0,0,0,0,8.0,3,0
268,0,0,0,0,0.0,0,0,0.0,False,0.0,0,0,0,0,0,0,0.0,0,0
269,0,0,0,0,0.0,0,0,0.0,False,0.0,0,0,0,0,0,0,0.0,0,0
270,0,0,16,0,0.0,2,0,2.9,False,29.4,90,0,0,0,0,4,0.0,2,0
271,0,0,0,0,0.0,0,0,0.0,False,0.0,0,0,0,0,0,0,0.0,0,0
272,0,0,13,0,25.2,2,0,5.0,False,13.2,66,0,0,0,0,0,12.0,2,0
273,0,0,24,0,0.6,2,1,6.6,False,48.6,90,0,0,0,0,0,17.0,7,0
274,0,0,24,0,4.0,0,1,5.6,False,35.4,23,0,0,0,0,0,17.0,6,0
275,1,0,17,0,26.0,2,0,6.5,False,32.8,90,0,0,0,0,0,6.0,3,1
276,0,0,5,0,12.7,2,0,1.7,False,4.2,66,0,0,0,0,0,0.0,2,0
277,1,2,35,0,23.5,2,1,11.6,False,60.8,90,0,0,0,0,0,32.0,12,0
278,0,0,0,0,0.0,0,0,0.0,False,0.0,0,0,0,0,0,0,0.0,0,0
279,0,0,0,0,0.0,0,0,0.0,False,0.0,0,0,0,0,0,0,0.0,0,0
280,0,0,0,0,0.0,0,0,0.0,False,0.0,0,0,0,0,0,0,0.0,0,0
281,0,0,0,0,0.0,0,0,0.0,False,0.0,0,0,0,0,0,0,0.0,0,0
282,0,0,8,0,2.8,2,0,2.3,False,4.4,90,0,0,0,0,0,16.0,2,0
283,0,0,0,0,0.0,0,0,0.0,False,0.0,0,0,0,0,0,0,0.0,0,0
284,0,0,16,0,10.8,2,0,2.9,False,18.2,90,0,0,0,0,0,0.0,1,0
285,0,0,-3,0,1.2,2,0,0.8,False,4.4,90,0,0,0,0,0,2.0,1,1
286,0,0,0,0,0.0,0,0,0.0,False,0.0,0,0,0,0,0,0,0.0,0,0
287,1,0,24,0,22.1,7,0,5.6,False,27.2,150,0,0,0,0,0,6.0,7,0
288,0,0,16,0,1.3,2,0,4.0,False,18.8,90,0,0,0,0,0,20.0,1,0
289,0,0,0,0,0.0,0,0,0.0,False,0.0,0,0,0,0,0,0,0.0,0,0
290,0,0,15,0,24.1,3,0,5.5,False,30.6,90,0,0,0,0,0,0.0,0,1
291,0,0,15,0,4.3,1,0,2.0,False,13.2,90,0,0,0,0,0,2.0,2,0
292,0,0,0,0,0.0,0,0,0.0,False,0.0,0,0,0,0,0,0,0.0,0,0
293,0,0,0,0,0.0,0,0,0.0,False,0.0,0,0,0,0,0,0,0.0,0,0
294,0,0,0,0,0.0,0,0,0.0,False,0.0,0,0,0,0,0,0,0.0,0,0
295,0,0,13,0,0.0,1,0,2.1,False,21.2,90,0,0,0,0,2,0.0,2,0
296,0,0,0,0,0.0,0,0,0.0,False,0.0,0,0,0,0,0,0,0.0,0,0
297,0,0,0,0,0.0,0,0,0.0,False,0.0,0,0,0,0,0,0,0.0,0,0
298,0,0,2,0,11.5,1,0,2.3,False,1.8,78,0,0,0,0,0,10.0,1,1
299,0,0,0,0,0.0,0,0,0.0,False,0.0,0,0,0,0,0,0,0.0,0,0
300,0,0,0,0,0.0,0,0,0.0,False,0.0,0,0,0,0,0,0,0.0,0,0
301,0,0,0,0,0.0,0,0,0.0,False,0.0,0,0,0,0,0,0,0.0,0,0
302,0,0,0,0,0.0,0,0,0.0,False,0.0,0,0,0,0,0,0,0.0,0,0
303,0,0,7,0,13.6,1,0,2.2,False,8.2,90,0,0,0,0,0,0.0,1,1
304,0,0,10,0,23.1,1,0,8.7,False,8.4,90,0,0,0,0,0,55.0,2,0
305,0,0,13,0,10.6,1,0,4.8,False,10.2,90,0,0,0,0,0,27.0,2,0
306,0,0,0,0,0.0,0,0,0.0,False,0.0,0,0,0,0,0,0,0.0,0,0
307,0,0,0,0,0.0,0,0,0.0,False,0.0,0,0,0,0,0,0,0.0,0,0
308,0,0,3,0,0.3,0,0,0.4,False,3.2,11,0,0,0,0,0,0.0,1,0
309,0,0,0,0,0.0,0,0,0.0,False,0.0,0,0,0,0,0,0,0.0,0,0
310,0,0,10,0,25.8,1,0,8.2,False,16.2,90,0,0,0,0,0,40.0,2,0
311,0,0,0,0,0.0,0,0,0.0,False,0.0,0,0,0,0,0,0,0.0,0,0
312,0,0,0,0,0.0,0,0,0.0,False,0.0,0,0,0,0,0,0,0.0,0,0
313,0,0,0,0,0.0,0,0,0.0,False,0.0,0,0,0,0,0,0,0.0,0,0
314,0,0,0,0,0.0,0,0,0.0,False,0.0,0,0,0,0,0,0,0.0,0,0
315,0,0,-1,0,1.8,3,0,2.0,False,0.0,90,0,0,0,0,0,20.0,2,0
316,0,0,0,0,0.0,0,0,0.0,False,0.0,0,0,0,0,0,0,0.0,0,0
317,0,0,0,0,0.0,0,0,0.0,False,0.0,0,0,0,0,0,0,0.0,0,0
318,0,0,10,0,1.4,3,0,1.4,False,10.6,90,0,0,0,0,0,2.0,2,0
319,0,0,12,0,0.0,3,0,4.8,False,48.2,90,0,0,0,0,0,0.0,1,0
320,0,0,0,0,0.0,0,0,0.0,False,0.0,0,0,0,0,0,0,0.0,0,0
321,0,0,0,0,0.0,0,0,0.0,False,0.0,0,0,0,0,0,0,0.0,0,0
322,0,0,0,0,0.0,0,0,0.0,False,0.0,0,0,0,0,0,0,0.0,0,0
323,0,0,0,0,0.0,0,0,0.0,False,0.0,0,0,0,0,0,0,0.0,0,0
324,0,0,0,0,0.0,0,0,0.0,False,0.0,0,0,0,0,0,0,0.0,0,0
325,0,0,0,0,0.0,0,0,0.0,False,0.0,0,0,0,0,0,0,0.0,0,0
326,0,0,11,0,11.1,3,0,3.5,False,19.4,90,0,0,0,0,0,4.0,1,0
327,0,0,0,0,0.0,0,0,0.0,False,0.0,0,0,0,0,0,0,0.0,0,0
328,0,0,3,0,0.0,1,0,0.1,False,1.2,14,0,0,0,0,0,0.0,1,0
329,0,0,0,0,0.0,0,0,0.0,False,0.0,0,0,0,0,0,0,0.0,0,0
330,0,0,0,0,0.0,0,0,0.0,False,0.0,0,0,0,0,0,0,0.0,0,0
331,0,0,0,0,0.0,0,0,0.0,False,0.0,0,0,0,0,0,0,0.0,0,0
332,0,0,0,0,0.0,0,0,0.0,False,0.0,0,0,0,0,0,0,0.0,0,0
333,0,0,19,1,0.0,0,0,0.0,False,0.0,90,0,0,0,0,0,0.0,6,0
334,0,0,0,0,0.0,0,0,0.0,False,0.0,0,0,0,0,0,0,0.0,0,0
335,0,0,17,1,37.6,0,0,6.8,False,23.0,90,0,0,0,0,0,7.0,3,0
336,0,0,0,0,0.0,0,0,0.0,False,0.0,0,0,0,0,0,0,0.0,0,0
337,0,0,-3,0,12.1,1,0,4.2,False,0.0,90,0,0,0,0,0,32.0,2,0
338,0,0,0,0,0.0,0,0,0.0,False,0.0,0,0,0,0,0,0,0.0,0,0
339,0,2,33,1,15.7,0,1,7.7,False,43.6,90,0,0,0,0,0,18.0,10,0
340,0,0,0,0,0.0,0,0,0.0,False,0.0,0,0,0,0,0,0,0.0,0,0
341,0,1,32,1,56.8,0,0,9.4,False,30.6,90,0,0,0,0,0,7.0,4,0
342,0,0,29,1,25.8,0,0,10.6,False,20.2,90,0,0,0,0,0,60.0,6,0
343,0,0,22,1,0.4,0,0,2.0,False,19.8,90,0,0,0,0,0,0.0,6,0
344,0,0,0,0,0.0,0,0,0.0,False,0.0,0,0,0,0,0,0,0.0,0,0
345,1,0,13,1,32.2,0,0,11.4,False,28.4,90,0,0,0,0,0,53.0,5,0
346,0,0,0,0,0.0,0,0,0.0,False,0.0,0,0,0,0,0,0,0.0,0,0
347,0,0,0,0,0.0,0,0,0.0,False,0.0,0,0,0,0,0,0,0.0,0,0
348,0,0,0,0,0.0,0,0,0.0,False,0.0,0,0,0,0,0,0,0.0,0,0
349,0,0,0,0,0.0,0,0,0.0,False,0.0,0,0,0,0,0,0,0.0,0,0
350,0,0,3,0,0.0,0,0,0.0,False,0.0,1,0,0,0,0,0,0.0,1,0
351,0,0,29,1,0.9,0,0,2.6,False,24.6,90,0,0,0,0,0,0.0,6,0
352,0,0,0,0,0.0,0,0,0.0,False,0.0,0,0,0,0,0,0,0.0,0,0
353,0,0,24,0,0.0,3,0,2.9,False,28.6,180,0,0,0,0,5,0.0,3,1
354,0,0,32,1,18.8,4,1,12.2,False,66.4,180,0,0,0,0,0,37.0,10,0
355,0,0,0,0,0.0,0,0,0.0,False,0.0,0,0,0,0,0,0,0.0,0,0
356,0,0,0,0,0.0,0,0,0.0,False,0.0,0,0,0,0,0,0,0.0,0,0
357,0,3,60,0,35.0,3,2,20.4,True,79.4,180,0,0,0,0,0,90.0,15,0
358,0,0,0,0,0.0,0,0,0.0,False,0.0,0,0,0,0,0,0,0.0,0,0
359,2,2,49,0,95.0,2,0,17.4,False,62.4,169,0,0,0,0,0,17.0,12,0
360,0,0,4,0,0.1,1,0,0.9,False,9.0,7,0,0,0,0,0,0.0,1,0
361,0,0,28,0,1.9,3,0,5.0,False,44.2,180,0,0,0,0,0,4.0,3,0
362,0,0,5,0,0.7,2,0,0.6,False,1.2,35,0,0,0,0,0,6.0,2,0
363,0,0,3,0,3.9,1,0,1.4,False,2.4,15,0,0,0,0,0,8.0,1,0
364,0,0,32,0,3.8,3,0,6.5,False,41.8,180,0,0,0,0,0,19.0,3,0
365,0,0,17,0,5.5,3,0,3.7,False,29.6,180,0,0,0,0,0,2.0,3,1
366,0,0,6,0,3.5,1,0,0.8,False,2.0,45,0,0,0,0,0,2.0,1,0
367,0,0,3,0,0.0,0,0,0.0,False,0.0,1,0,0,0,0,0,0.0,1,0
368,0,0,22,0,21.6,3,0,4.7,False,17.6,168,0,0,0,0,0,8.0,3,0
369,0,0,2,0,0.3,0,0,2.2,False,2.2,11,0,0,0,0,0,19.0,1,0
370,0,0,0,0,0.0,0,0,0.0,False,0.0,0,0,0,0,0,0,0.0,0,0
371,0,0,0,0,0.0,0,0,0.0,False,0.0,0,0,0,0,0,0,0.0,0,0
372,0,0,0,0,0.0,0,0,0.0,False,0.0,0,0,0,0,0,0,0.0,0,0
373,0,0,0,0,0.0,0,0,0.0,False,0.0,0,0,0,0,0,0,0.0,0,0
374,0,0,0,0,0.0,0,0,0.0,False,0.0,0,0,0,0,0,0,0.0,0,0
375,0,0,0,0,0.0,0,0,0.0,False,0.0,0,0,0,0,0,0,0.0,0,0
376,0,0,34,1,0.0,4,0,1.8,False,17.8,180,0,0,0,0,2,0.0,6,0
377,0,0,0,0,0.0,0,0,0.0,False,0.0,0,0,0,0,0,0,0.0,0,0
378,0,0,0,0,0.0,0,0,0.0,False,0.0,0,0,0,0,0,0,0.0,0,0
379,0,1,48,1,11.0,4,0,5.7,False,44.6,180,0,0,0,0,0,2.0,7,0
380,0,0,0,0,0.0,0,0,0.0,False,0.0,0,0,0,0,0,0,0.0,0,0
381,0,0,18,1,26.2,2,0,7.5,False,23.4,162,0,0,0,0,0,25.0,5,0
382,1,0,42,1,32.1,4,0,6.7,False,34.8,180,0,0,0,0,0,0.0,8,1
383,0,0,0,0,0.0,0,0,0.0,False,0.0,0,0,0,0,0,0,0.0,0,0
384,0,0,3,0,0.0,0,0,0.1,False,1.0,1,0,0,0,0,0,0.0,1,0
385,0,0,0,0,0.0,0,0,0.0,False,0.0,0,0,0,0,0,0,0.0,0,0
386,0,0,13,0,2.4,1,0,1.2,False,7.2,79,0,0,0,0,0,2.0,2,0
387,0,0,0,0,0.0,0,0,0.0,False,0.0,0,0,0,0,0,0,0.0,0,0
388,0,0,0,0,0.0,0,0,0.0,False,0.0,0,0,0,0,0,0,0.0,0,0
389,0,0,0,0,0.0,0,0,0.0,False,0.0,0,0,0,0,0,0,0.0,0,0
390,0,0,0,0,0.0,0,0,0.0,False,0.0,0,0,0,0,0,0,0.0,0,0
391,0,0,2,0,0.0,0,0,0.0,False,0.0,4,0,0,0,0,0,0.0,1,0
392,0,0,0,0,0.0,0,0,0.0,False,0.0,0,0,0,0,0,0,0.0,0,0
393,0,0,0,0,0.0,0,0,0.0,False,0.0,0,0,0,0,0,0,0.0,0,0
394,0,0,0,0,0.0,0,0,0.0,False,0.0,0,0,0,0,0,0,0.0,0,0
395,0,0,0,0,0.0,0,0,0.0,False,0.0,0,0,0,0,0,0,0.0,0,0
396,0,0,0,0,0.0,0,0,0.0,False,0.0,0,0,0,0,0,0,0.0,0,0
397,0,0,0,0,0.0,0,0,0.0,False,0.0,0,0,0,0,0,0,0.0,0,0
398,0,0,0,0,0.0,0,0,0.0,False,0.0,0,0,0,0,0,0,0.0,0,0
399,1,2,30,1,50.6,4,0,9.5,False,30.0,180,0,0,0,0,0,15.0,9,1
400,0,0,0,0,0.0,0,0,0.0,False,0.0,0,0,0,0,0,0,0.0,0,0
401,0,0,0,0,0.0,0,0,0.0,False,0.0,0,0,0,0,0,0,0.0,0,0
402,0,0,0,0,0.0,0,0,0.0,False,0.0,0,0,0,0,0,0,0.0,0,0
403,0,0,27,1,3.5,4,0,3.9,False,35.8,180,0,0,0,0,0,0.0,5,0
404,0,0,0,0,0.0,0,0,0.0,False,0.0,0,0,0,0,0,0,0.0,0,0
405,0,0,0,0,0.0,0,0,0.0,False,0.0,0,0,0,0,0,0,0.0,0,0
406,0,0,0,0,0.0,0,0,0.0,False,0.0,0,0,0,0,0,0,0.0,0,0
407,0,0,0,0,0.0,0,0,0.0,False,0.0,0,0,0,0,0,0,0.0,0,0
408,0,0,11,0,0.0,1,0,1.4,False,14.0,90,0,0,0,0,2,0.0,2,0
409,0,0,0,0,0.0,0,0,0.0,False,0.0,0,0,0,0,0,0,0.0,0,0
410,0,0,0,0,0.0,0,0,0.0,False,0.0,0,0,0,0,0,0,0.0,0,0
411,1,3,27,0,16.8,1,0,6.3,False,28.6,90,0,0,0,0,0,18.0,8,0
412,0,0,0,0,0.0,0,0,0.0,False,0.0,0,0,0,0,0,0,0.0,0,0
413,0,0,5,0,3.2,1,0,3.8,False,6.6,90,0,0,0,0,0,28.0,2,0
414,0,1,24,0,0.6,1,1,9.0,False,54.8,90,0,0,0,0,0,35.0,9,0
415,0,0,2,0,10.5,1,0,1.5,False,4.8,45,0,0,0,0,0,0.0,0,1
416,0,0,0,0,0.0,0,0,0.0,False,0.0,0,0,0,0,0,0,0.0,0,0
417,0,0,0,0,0.0,0,0,0.0,False,0.0,0,0,0,0,0,0,0.0,0,0
418,0,0,0,0,0.0,0,0,0.0,False,0.0,0,0,0,0,0,0,0.0,0,0
419,0,0,9,0,33.7,1,0,4.6,False,8.2,72,0,0,0,0,0,4.0,2,0
420,0,0,1,0,4.8,1,0,5.5,False,5.8,90,0,0,0,0,0,44.0,1,1
421,0,0,19,0,28.6,1,0,5.2,False,21.4,90,0,0,0,0,0,2.0,2,0
422,0,0,12,0,11.3,1,0,5.1,False,17.2,90,0,0,0,0,0,22.0,2,0
423,0,0,4,0,7.3,1,0,4.0,False,6.6,90,0,0,0,0,0,26.0,1,1
424,0,0,0,0,0.0,0,0,0.0,False,0.0,0,0,0,0,0,0,0.0,0,0
425,0,0,4,0,1.2,0,0,0.7,False,5.8,45,0,0,0,0,0,0.0,1,0
426,0,0,15,0,36.5,3,0,5.4,False,16.4,147,0,0,0,0,0,1.0,3,0
427,0,0,0,0,0.0,0,0,0.0,False,0.0,0,0,0,0,0,0,0.0,0,0
428,0,0,0,0,0.0,0,0,0.0,False,0.0,0,0,0,0,0,0,0.0,0,0
429,0,0,25,0,0.3,3,0,4.3,False,41.0,180,0,0,0,0,0,2.0,3,0
430,1,0,5,0,12.6,3,0,5.8,False,29.4,180,0,0,0,0,0,16.0,6,1
431,0,0,32,0,10.8,3,0,8.7,False,68.4,180,0,0,0,0,0,8.0,3,0
432,0,0,2,0,0.0,0,0,0.2,False,2.2,2,0,0,0,0,0,0.0,1,0
433,0,0,8,0,0.9,2,0,0.9,False,7.6,29,0,0,0,0,0,0.0,0,0
434,1,0,17,0,12.4,2,0,7.1,False,37.0,91,0,0,0,0,0,22.0,5,1
435,0,0,0,0,0.0,0,0,0.0,False,0.0,0,0,0,0,0,0,0.0,0,0
436,0,0,40,0,7.8,3,1,8.3,False,67.2,180,0,0,0,0,0,8.0,8,1
437,0,2,32,1,22.1,1,0,4.9,False,22.6,150,0,0,0,0,0,4.0,10,0
438,0,2,41,0,52.0,2,1,12.9,False,48.2,169,0,0,0,0,0,29.0,10,1
439,0,0,25,0,0.8,3,0,6.5,False,29.0,180,0,0,0,0,0,35.0,3,0
440,0,0,0,0,0.0,0,0,0.0,False,0.0,0,0,0,0,0,0,0.0,0,0
441,0,0,4,0,1.0,2,0,0.5,False,1.2,24,0,0,0,0,0,5.0,2,0
442,0,0,0,0,0.0,0,0,0.0,False,0.0,0,0,0,0,0,0,0.0,0,0
443,0,0,0,0,0.0,0,0,0.0,False,0.0,0,0,0,0,0,0,0.0,0,0
444,0,0,0,0,0.0,0,0,0.0,False,0.0,0,0,0,0,0,0,0.0,0,0
445,0,0,0,0,0.0,0,0,0.0,False,0.0,0,0,0,0,0,0,0.0,0,0
446,0,0,0,0,0.0,0,0,0.0,False,0.0,0,0,0,0,0,0,0.0,0,0
447,0,0,5,0,1.2,2,0,0.3,False,2.2,67,0,0,0,0,0,0.0,2,0
448,0,0,18,0,0.0,3,0,2.8,False,27.8,90,0,0,0,0,4,0.0,2,0
449,0,0,22,0,16.0,3,1,6.8,False,42.2,85,0,0,0,0,0,10.0,7,0
450,0,3,18,1,29.8,4,1,16.0,False,55.0,175,0,0,0,0,0,77.0,11,0
451,0,0,19,1,0.2,0,0,0.7,False,6.6,90,0,0,0,0,0,0.0,6,0
452,0,0,0,0,0.0,0,0,0.0,False,0.0,0,0,0,0,0,0,0.0,0,0
453,0,0,0,0,0.0,0,0,0.0,False,0.0,0,0,0,0,0,0,0.0,0,0
454,0,0,0,0,0.0,0,0,0.0,False,0.0,0,0,0,0,0,0,0.0,0,0
455,0,0,0,0,1.3,2,0,5.1,False,5.6,72,0,0,0,0,0,44.0,2,0
456,0,0,15,0,0.0,3,0,1.6,False,15.6,90,0,0,0,0,0,0.0,1,0
457,0,0,0,0,0.0,0,0,0.0,False,0.0,0,0,0,0,0,0,0.0,0,0
458,0,0,0,0,0.0,0,0,0.0,False,0.0,0,0,0,0,0,0,0.0,0,0
459,0,0,0,0,0.0,0,0,0.0,False,0.0,0,0,0,0,0,0,0.0,0,0
460,0,0,0,0,0.0,0,0,0.0,False,0.0,0,0,0,0,0,0,0.0,0,0
461,0,0,0,0,0.0,0,0,0.0,False,0.0,0,0,0,0,0,0,0.0,0,0
462,0,0,0,0,0.0,0,0,0.0,False,0.0,0,0,0,0,0,0,0.0,0,0
463,1,0,27,0,60.8,10,0,13.2,False,69.4,149,0,0,0,0,0,2.0,-1,2
464,0,0,26,0,44.1,2,0,8.5,False,20.0,162,0,0,0,0,0,21.0,3,1
465,0,0,0,0,0.0,0,0,0.0,False,0.0,0,0,0,0,0,0,0.0,0,0
466,0,0,4,0,10.2,0,0,1.4,False,3.4,1,0,0,0,0,0,0.0,1,0
467,0,0,0,0,0.0,0,0,0.0,False,0.0,0,0,0,0,0,0,0.0,0,0
468,0,0,2,1,16.8,2,0,5.4,False,9.4,140,0,0,0,0,0,28.0,3,0
469,0,0,0,0,0.0,0,0,0.0,False,0.0,0,0,0,0,0,0,0.0,0,0
470,0,0,19,0,30.5,3,0,6.9,False,28.6,177,0,0,0,0,0,10.0,2,1
471,0,0,4,0,0.0,0,0,0.1,False,1.0,8,0,0,0,0,0,0.0,1,0
472,0,0,5,0,1.3,2,0,0.4,False,2.0,40,0,0,0,0,0,1.0,2,0
473,0,0,0,0,0.0,0,0,0.0,False,0.0,0,0,0,0,0,0,0.0,0,0
474,0,0,0,0,0.0,0,0,0.0,False,0.0,0,0,0,0,0,0,0.0,0,0
475,0,0,35,0,0.0,3,0,6.3,False,62.8,180,1,0,0,0,10,0.0,4,0
476,0,0,0,0,0.0,0,0,0.0,False,0.0,0,0,0,0,0,0,0.0,0,0
477,0,0,36,0,12.1,2,0,8.3,False,32.4,180,0,0,0,0,0,38.0,4,0
478,0,0,0,0,0.0,0,0,0.0,False,0.0,0,0,0,0,0,0,0.0,0,0
479,0,0,0,0,0.0,0,0,0.0,False,0.0,0,0,0,0,0,0,0.0,0,0
480,0,0,0,0,0.0,0,0,0.0,False,0.0,0,0,0,0,0,0,0.0,0,0
481,0,0,0,0,0.0,0,0,0.0,False,0.0,0,0,0,0,0,0,0.0,0,0
482,0,0,3,0,1.4,1,0,0.5,False,3.4,25,0,0,0,0,0,0.0,1,0
483,1,1,27,0,11.0,2,0,6.1,False,46.0,90,0,0,0,0,0,4.0,5,0
484,0,0,0,0,0.0,0,0,0.0,False,0.0,0,0,0,0,0,0,0.0,0,0
485,2,3,36,0,38.3,2,0,13.2,False,46.2,90,0,0,0,0,0,47.0,11,0
486,0,0,0,0,0.0,0,0,0.0,False,0.0,0,0,0,0,0,0,0.0,0,0
487,0,0,0,0,0.0,0,0,0.0,False,0.0,0,0,0,0,0,0,0.0,0,0
488,0,0,28,0,2.7,2,0,5.4,False,51.0,180,0,0,0,0,0,0.0,4,0
489,0,0,0,0,0.0,0,0,0.0,False,0.0,0,0,0,0,0,0,0.0,0,0
490,0,0,0,0,0.0,0,0,0.0,False,0.0,0,0,0,0,0,0,0.0,0,0
491,1,3,38,1,27.1,0,0,10.2,False,42.2,90,0,0,0,0,0,33.0,12,0
492,0,0,1,0,6.3,1,0,1.7,False,2.6,19,0,0,0,0,0,8.0,1,0
493,0,0,31,0,17.4,2,0,4.7,False,29.4,180,0,0,0,0,0,0.0,4,0
494,0,0,24,0,14.4,3,0,7.8,False,49.8,180,0,0,0,0,0,14.0,2,1
495,0,0,0,0,0.0,0,0,0.0,False,0.0,0,0,0,0,0,0,0.0,0,0
496,0,0,0,0,0.0,0,0,0.0,False,0.0,0,0,0,0,0,0,0.0,0,0
497,0,0,0,0,0.0,0,0,0.0,False,0.0,0,0,0,0,0,0,0.0,0,0
498,0,0,0,0,0.0,0,0,0.0,False,0.0,0,0,0,0,0,0,0.0,0,0
499,0,0,4,0,0.8,1,0,0.5,False,4.0,22,0,0,0,0,0,0.0,1,0
500,0,0,0,0,0.0,0,0,0.0,False,0.0,0,0,0,0,0,0,0.0,0,0
501,0,0,22,1,27.4,0,0,3.9,False,11.0,73,0,0,0,0,0,1.0,5,1
502,0,0,12,0,12.1,2,0,2.2,False,10.0,90,0,0,0,0,0,0.0,1,0
503,0,0,8,0,12.3,1,0,3.2,False,9.4,74,0,0,0,0,0,10.0,2,0
504,0,0,0,0,0.0,0,0,0.0,False,0.0,0,0,0,0,0,0,0.0,0,0
505,0,0,15,0,35.1,2,0,6.3,False,21.4,90,0,0,0,0,0,6.0,2,0
506,0,0,0,0,0.0,0,0,0.0,False,0.0,0,0,0,0,0,0,0.0,0,0
507,0,0,0,0,0.0,0,0,0.0,False,0.0,0,0,0,0,0,0,0.0,0,0
508,0,0,0,0,0.0,0,0,0.0,False,0.0,0,0,0,0,0,0,0.0,0,0
509,0,0,0,0,0.0,0,0,0.0,False,0.0,0,0,0,0,0,0,0.0,0,0
510,0,0,0,0,0.0,0,0,0.0,False,0.0,0,0,0,0,0,0,0.0,0,0
511,0,0,0,0,0.0,0,0,0.0,False,0.0,0,0,0,0,0,0,0.0,0,0
512,0,0,18,0,0.8,0,1,8.1,False,42.0,23,0,0,0,0,0,38.0,6,0
513,0,0,0,0,0.0,0,0,0.0,False,0.0,0,0,0,0,0,0,0.0,0,0
514,0,0,0,0,0.0,0,0,0.0,False,0.0,0,0,0,0,0,0,0.0,0,0
515,0,0,0,0,0.0,0,0,0.0,False,0.0,0,0,0,0,0,0,0.0,0,0
516,1,0,20,0,14.5,2,0,5.1,False,26.4,75,0,0,0,0,0,10.0,5,0
517,0,0,5,1,23.0,0,0,7.8,False,14.2,90,0,0,0,0,0,41.0,3,0
518,0,0,0,1,2.3,0,0,6.8,False,7.4,82,0,0,0,0,0,58.0,2,0
519,0,0,26,0,0.3,0,1,6.6,False,33.0,7,0,0,0,0,0,33.0,5,0
520,0,0,0,0,0.0,0,0,0.0,False,0.0,0,0,0,0,0,0,0.0,0,0
521,0,0,0,0,0.0,0,0,0.0,False,0.0,0,0,0,0,0,0,0.0,0,0
522,0,0,0,0,0.0,0,0,0.0,False,0.0,0,0,0,0,0,0,0.0,0,0
523,0,0,0,0,0.0,0,0,0.0,False,0.0,0,0,0,0,0,0,0.0,0,0
524,0,0,4,0,1.5,2,0,4.0,False,21.6,90,0,0,0,0,0,17.0,2,0
525,0,0,3,0,0.0,0,0,0.0,False,0.0,1,0,0,0,0,0,0.0,1,0
526,0,0,0,0,0.0,0,0,0.0,False,0.0,0,0,0,0,0,0,0.0,0,0
527,0,0,0,0,0.0,0,0,0.0,False,0.0,0,0,0,0,0,0,0.0,0,0
528,0,0,0,0,0.0,0,0,0.0,False,0.0,0,0,0,0,0,0,0.0,0,0
529,0,0,2,1,0.4,0,0,0.1,False,0.2,90,0,0,0,0,0,0.0,2,0
530,0,0,0,0,0.0,0,0,0.0,False,0.0,0,0,0,0,0,0,0.0,0,0
531,0,0,0,0,0.0,0,0,0.0,False,0.0,0,0,0,0,0,0,0.0,0,0
532,0,0,0,0,0.0,0,0,0.0,False,0.0,0,0,0,0,0,0,0.0,0,0
533,0,0,0,0,0.0,0,0,0.0,False,0.0,0,0,0,0,0,0,0.0,0,0
534,0,0,0,0,0.0,0,0,0.0,False,0.0,0,0,0,0,0,0,0.0,0,0
535,0,0,0,0,0.0,0,0,0.0,False,0.0,0,0,0,0,0,0,0.0,0,0
536,0,0,0,0,0.0,0,0,0.0,False,0.0,0,0,0,0,0,0,0.0,0,0
537,0,0,0,0,0.0,0,0,0.0,False,0.0,0,0,0,0,0,0,0.0,0,0
538,0,0,0,0,0.0,0,0,0.0,False,0.0,0,0,0,0,0,0,0.0,0,0
539,0,0,0,0,0.0,0,0,0.0,False,0.0,0,0,0,0,0,0,0.0,0,0
540,0,0,0,0,0.0,0,0,0.0,False,0.0,0,0,0,0,0,0,0.0,0,0
541,0,0,0,0,0.0,0,0,0.0,False,0.0,0,0,0,0,0,0,0.0,0,0
542,0,0,0,0,0.0,0,0,0.0,False,0.0,0,0,0,0,0,0,0.0,0,0
543,0,0,0,0,0.0,0,0,0.0,False,0.0,0,0,0,0,0,0,0.0,0,0
544,0,0,0,0,0.0,0,0,0.0,False,0.0,0,0,0,0,0,0,0.0,0,0
545,0,0,0,0,0.0,0,0,0.0,False,0.0,0,0,0,0,0,0,0.0,0,0
546,0,0,0,0,0.0,0,0,0.0,False,0.0,0,0,0,0,0,0,0.0,0,0
547,0,0,0,0,0.0,0,0,0.0,False,0.0,0,0,0,0,0,0,0.0,0,0
548,0,0,0,0,0.0,0,0,0.0,False,0.0,0,0,0,0,0,0,0.0,0,0
549,0,0,0,0,0.0,0,0,0.0,False,0.0,0,0,0,0,0,0,0.0,0,0
550,0,0,0,0,0.0,0,0,0.0,False,0.0,0,0,0,0,0,0,0.0,0,0
551,0,0,0,0,0.0,0,0,0.0,False,0.0,0,0,0,0,0,0,0.0,0,0
552,0,0,23,0,15.7,10,0,7.4,False,27.6,180,0,0,0,0,0,30.0,3,1
553,0,0,0,0,0.0,0,0,0.0,False,0.0,0,0,0,0,0,0,0.0,0,0
554,0,0,0,0,0.0,0,0,0.0,False,0.0,0,0,0,0,0,0,0.0,0,0
555,0,0,3,0,0.0,0,0,0.0,False,0.0,5,0,0,0,0,0,0.0,1,0
556,0,0,0,0,0.0,0,0,0.0,False,0.0,0,0,0,0,0,0,0.0,0,0
557,0,0,0,0,0.0,0,0,0.0,False,0.0,0,0,0,0,0,0,0.0,0,0
558,0,0,18,0,50.7,2,0,15.2,False,16.0,180,0,0,0,0,0,85.0,4,0
559,0,0,20,0,0.0,2,0,2.1,False,21.2,180,0,0,0,0,2,0.0,4,0
560,0,0,0,0,0.0,0,0,0.0,False,0.0,0,0,0,0,0,0,0.0,0,0
561,0,0,0,0,0.0,0,0,0.0,False,0.0,0,0,0,0,0,0,0.0,0,0
562,0,0,0,0,0.0,0,0,0.0,False,0.0,0,0,0,0,0,0,0.0,0,0
563,0,0,0,0,0.0,0,0,0.0,False,0.0,0,0,0,0,0,0,0.0,0,0
564,0,0,0,0,0.0,0,0,0.0,False,0.0,0,0,0,0,0,0,0.0,0,0
565,0,0,0,0,0.0,0,0,0.0,False,0.0,0,0,0,0,0,0,0.0,0,0
566,0,0,0,0,0.0,0,0,0.0,False,0.0,0,0,0,0,0,0,0.0,0,0
567,0,0,0,0,0.0,0,0,0.0,False,0.0,0,0,0,0,0,0,0.0,0,0
568,0,0,0,0,0.0,0,0,0.0,False,0.0,0,0,0,0,0,0,0.0,0,0
569,0,0,0,0,0.0,0,0,0.0,False,0.0,0,0,0,0,0,0,0.0,0,0
570,0,0,0,0,0.0,0,0,0.0,False,0.0,0,0,0,0,0,0,0.0,0,0
571,0,0,0,0,0.0,0,0,0.0,False,0.0,0,0,0,0,0,0,0.0,0,0
572,0,0,0,0,0.0,0,0,0.0,False,0.0,0,0,0,0,0,0,0.0,0,0
573,0,0,0,0,0.0,0,0,0.0,False,0.0,0,0,0,0,0,0,0.0,0,0
574,0,0,0,0,0.0,0,0,0.0,False,0.0,0,0,0,0,0,0,0.0,0,0
575,0,1,27,2,2.1,0,1,6.6,False,43.0,180,0,0,0,0,0,21.0,11,1
576,0,0,0,0,0.0,0,0,0.0,False,0.0,0,0,0,0,0,0,0.0,0,0
577,0,0,0,0,20.9,5,0,7.3,False,9.4,74,0,0,0,0,0,43.0,1,1
578,0,0,0,0,1.6,0,0,3.2,False,4.4,54,0,0,0,0,0,26.0,1,0
579,0,0,-2,0,12.3,2,0,7.2,False,6.2,84,0,0,0,0,0,53.0,1,1
580,0,0,0,0,0.0,0,0,0.0,False,0.0,0,0,0,0,0,0,0.0,0,0
581,0,0,7,0,4.3,3,0,2.0,False,15.6,81,0,0,0,0,0,0.0,2,0
582,0,0,4,0,11.2,0,0,1.5,False,2.2,17,0,0,0,0,0,2.0,1,0
583,0,3,33,1,3.9,0,1,10.6,False,47.6,106,0,0,0,0,0,54.0,10,0
584,0,0,14,0,20.3,3,0,5.5,False,22.4,90,0,0,0,0,0,12.0,1,0
585,1,3,57,2,33.3,0,0,7.4,True,40.0,180,0,0,0,0,0,1.0,17,1
586,0,0,3,0,0.0,0,0,0.0,False,0.0,1,0,0,0,0,0,0.0,1,0
587,0,3,30,0,25.9,2,1,15.1,False,46.6,90,0,0,0,0,0,78.0,9,1
588,0,0,35,1,46.6,1,0,9.3,False,29.8,146,0,0,0,0,0,16.0,8,0
589,0,0,0,0,0.0,0,0,0.0,False,0.0,0,0,0,0,0,0,0.0,0,0
590,0,0,0,0,0.0,0,0,0.0,False,0.0,0,0,0,0,0,0,0.0,0,0
591,0,0,0,0,0.0,0,0,0.0,False,0.0,0,0,0,0,0,0,0.0,0,0
592,0,0,0,0,0.0,0,0,0.0,False,0.0,0,0,0,0,0,0,0.0,0,0
593,0,0,0,0,0.0,0,0,0.0,False,0.0,0,0,0,0,0,0,0.0,0,0
594,0,0,0,0,0.0,0,0,0.0,False,0.0,0,0,0,0,0,0,0.0,0,0
595,0,0,0,0,0.0,0,0,0.0,False,0.0,0,0,0,0,0,0,0.0,0,0
596,0,0,0,0,0.0,0,0,0.0,False,0.0,0,0,0,0,0,0,0.0,0,0
597,0,0,0,0,0.0,0,0,0.0,False,0.0,0,0,0,0,0,0,0.0,0,0
598,0,0,0,0,0.0,0,0,0.0,False,0.0,0,0,0,0,0,0,0.0,0,0
599,0,0,0,0,0.0,0,0,0.0,False,0.0,0,0,0,0,0,0,0.0,0,0
600,0,0,0,0,0.0,0,0,0.0,False,0.0,0,0,0,0,0,0,0.0,0,0
601,0,0,0,0,0.0,0,0,0.0,False,0.0,0,0,0,0,0,0,0.0,0,0
602,0,0,0,0,0.0,0,0,0.0,False,0.0,0,0,0,0,0,0,0.0,0,0
603,0,0,0,0,0.0,0,0,0.0,False,0.0,0,0,0,0,0,0,0.0,0,0
604,0,0,0,0,0.0,0,0,0.0,False,0.0,0,0,0,0,0,0,0.0,0,0
605,0,0,0,0,0.0,0,0,0.0,False,0.0,0,0,0,0,0,0,0.0,0,0
606,0,0,0,0,0.0,0,0,0.0,False,0.0,0,0,0,0,0,0,0.0,0,0
607,0,0,0,0,0.0,0,0,0.0,False,0.0,0,0,0,0,0,0,0.0,0,0
608,0,0,0,0,0.0,0,0,0.0,False,0.0,0,0,0,0,0,0,0.0,0,0
609,0,0,0,0,0.0,0,0,0.0,False,0.0,0,0,0,0,0,0,0.0,0,0
610,0,0,0,0,0.0,0,0,0.0,False,0.0,0,0,0,0,0,0,0.0,0,0
611,0,0,0,0,0.0,0,0,0.0,False,0.0,0,0,0,0,0,0,0.0,0,0
612,0,0,0,0,0.0,0,0,0.0,False,0.0,0,0,0,0,0,0,0.0,0,0
613,0,0,0,0,0.0,0,0,0.0,False,0.0,0,0,0,0,0,0,0.0,0,0
614,0,0,0,0,0.0,0,0,0.0,False,0.0,0,0,0,0,0,0,0.0,0,0
615,0,0,0,0,0.0,0,0,0.0,False,0.0,0,0,0,0,0,0,0.0,0,0
616,0,0,0,0,0.0,0,0,0.0,False,0.0,0,0,0,0,0,0,0.0,0,0
617,0,0,0,0,0.0,0,0,0.0,False,0.0,0,0,0,0,0,0,0.0,0,0
618,0,0,0,0,0.0,0,0,0.0,False,0.0,0,0,0,0,0,0,0.0,0,0
619,0,0,0,0,0.0,0,0,0.0,False,0.0,0,0,0,0,0,0,0.0,0,0
620,0,0,0,0,0.0,0,0,0.0,False,0.0,0,0,0,0,0,0,0.0,0,0
621,0,0,0,0,0.0,0,0,0.0,False,0.0,0,0,0,0,0,0,0.0,0,0
622,0,0,0,0,0.0,0,0,0.0,False,0.0,0,0,0,0,0,0,0.0,0,0
623,0,0,0,0,0.0,0,0,0.0,False,0.0,0,0,0,0,0,0,0.0,0,0
624,0,0,0,0,0.0,0,0,0.0,False,0.0,0,0,0,0,0,0,0.0,0,0
625,0,0,0,0,0.0,0,0,0.0,False,0.0,0,0,0,0,0,0,0.0,0,0
626,0,0,0,0,0.0,0,0,0.0,False,0.0,0,0,0,0,0,0,0.0,0,0
627,0,0,0,0,0.0,0,0,0.0,False,0.0,0,0,0,0,0,0,0.0,0,0
628,0,0,0,0,0.0,0,0,0.0,False,0.0,0,0,0,0,0,0,0.0,0,0
629,0,0,0,0,0.0,0,0,0.0,False,0.0,0,0,0,0,0,0,0.0,0,0
630,0,0,0,0,0.0,0,0,0.0,False,0.0,0,0,0,0,0,0,0.0,0,0
631,0,0,0,0,0.0,0,0,0.0,False,0.0,0,0,0,0,0,0,0.0,0,0
632,0,0,0,0,0.0,0,0,0.0,False,0.0,0,0,0,0,0,0,0.0,0,0
633,0,0,0,0,0.0,0,0,0.0,False,0.0,0,0,0,0,0,0,0.0,0,0
634,0,0,0,0,0.0,0,0,0.0,False,0.0,0,0,0,0,0,0,0.0,0,0
635,0,0,0,0,0.0,0,0,0.0,False,0.0,0,0,0,0,0,0,0.0,0,0
636,0,0,0,0,0.0,0,0,0.0,False,0.0,0,0,0,0,0,0,0.0,0,0
637,0,0,0,0,0.0,0,0,0.0,False,0.0,0,0,0,0,0,0,0.0,0,0
638,0,0,0,0,0.0,0,0,0.0,False,0.0,0,0,0,0,0,0,0.0,0,0
639,0,0,0,0,0.0,0,0,0.0,False,0.0,0,0,0,0,0,0,0.0,0,0
640,0,0,0,0,0.0,0,0,0.0,False,0.0,0,0,0,0,0,0,0.0,0,0
641,0,0,0,0,0.0,0,0,0.0,False,0.0,0,0,0,0,0,0,0.0,0,0
642,0,0,0,0,0.0,0,0,0.0,False,0.0,0,0,0,0,0,0,0.0,0,0
643,0,0,0,0,0.0,0,0,0.0,False,0.0,0,0,0,0,0,0,0.0,0,0
644,0,0,0,0,0.0,0,0,0.0,False,0.0,0,0,0,0,0,0,0.0,0,0
645,0,0,0,0,0.0,0,0,0.0,False,0.0,0,0,0,0,0,0,0.0,0,0
646,0,0,0,0,0.0,0,0,0.0,False,0.0,0,0,0,0,0,0,0.0,0,0
647,0,0,0,0,0.0,0,0,0.0,False,0.0,0,0,0,0,0,0,0.0,0,0
648,0,0,3,0,0.0,0,0,0.0,False,0.0,4,0,0,0,0,0,0.0,1,0
649,0,0,0,0,0.0,0,0,0.0,False,0.0,0,0,0,0,0,0,0.0,0,0
650,0,0,0,0,0.0,0,0,0.0,False,0.0,0,0,0,0,0,0,0.0,0,0
651,0,0,0,0,0.0,0,0,0.0,False,0.0,0,0,0,0,0,0,0.0,0,0
652,0,0,0,0,0.0,0,0,0.0,False,0.0,0,0,0,0,0,0,0.0,0,0
653,0,0,0,0,0.0,0,0,0.0,False,0.0,0,0,0,0,0,0,0.0,0,0
654,0,0,0,0,0.0,0,0,0.0,False,0.0,0,0,0,0,0,0,0.0,0,0
655,0,0,4,0,4.8,1,0,0.9,False,2.0,22,0,0,0,0,0,2.0,1,0
656,0,0,0,0,0.0,0,0,0.0,False,0.0,0,0,0,0,0,0,0.0,0,0
657,0,0,0,0,0.0,0,0,0.0,False,0.0,0,0,0,0,0,0,0.0,0,0
658,0,0,0,0,0.0,0,0,0.0,False,0.0,0,0,0,0,0,0,0.0,0,0
659,0,0,0,0,0.0,0,0,0.0,False,0.0,0,0,0,0,0,0,0.0,0,0
660,0,0,0,0,0.0,0,0,0.0,False,0.0,0,0,0,0,0,0,0.0,0,0
661,0,0,0,0,0.0,0,0,0.0,False,0.0,0,0,0,0,0,0,0.0,0,0
662,0,0,0,0,0.0,0,0,0.0,False,0.0,0,0,0,0,0,0,0.0,0,0
663,0,0,0,0,0.0,0,0,0.0,False,0.0,0,0,0,0,0,0,0.0,0,0
664,0,0,0,0,0.0,0,0,0.0,False,0.0,0,0,0,0,0,0,0.0,0,0
665,0,0,0,0,0.0,0,0,0.0,False,0.0,0,0,0,0,0,0,0.0,0,0
666,0,0,0,0,0.0,0,0,0.0,False,0.0,0,0,0,0,0,0,0.0,0,0
667,0,0,0,0,0.0,0,0,0.0,False,0.0,0,0,0,0,0,0,0.0,0,0
668,0,0,0,0,0.0,0,0,0.0,False,0.0,0,0,0,0,0,0,0.0,0,0
669,0,0,0,0,0.0,0,0,0.0,False,0.0,0,0,0,0,0,0,0.0,0,0
670,0,0,0,0,0.0,0,0,0.0,False,0.0,0,0,0,0,0,0,0.0,0,0
671,0,0,0,0,0.0,0,0,0.0,False,0.0,0,0,0,0,0,0,0.0,0,0
672,0,0,0,0,0.0,0,0,0.0,False,0.0,0,0,0,0,0,0,0.0,0,0
673,0,0,0,0,0.0,0,0,0.0,False,0.0,0,0,0,0,0,0,0.0,0,0
674,0,0,0,0,0.0,0,0,0.0,False,0.0,0,0,0,0,0,0,0.0,0,0
675,0,0,0,0,0.0,0,0,0.0,False,0.0,0,0,0,0,0,0,0.0,0,0
676,0,0,39,1,23.5,4,0,5.9,False,33.2,180,0,0,0,0,0,2.0,5,1
677,0,0,37,1,1.3,4,0,4.9,False,29.6,180,0,0,0,0,0,18.0,5,1
678,0,0,0,0,0.0,0,0,0.0,False,0.0,0,0,0,0,0,0,0.0,0,0
679,0,0,3,0,1.3,2,0,0.2,False,0.8,17,0,0,0,0,0,0.0,1,0
680,0,0,0,0,0.0,0,0,0.0,False,0.0,0,0,0,0,0,0,0.0,0,0
681,0,0,8,0,23.9,1,0,4.8,False,2.8,90,0,0,0,0,0,21.0,2,0
682,0,0,0,0,0.0,0,0,0.0,False,0.0,0,0,0,0,0,0,0.0,0,0
683,0,0,0,0,0.0,0,0,0.0,False,0.0,0,0,0,0,0,0,0.0,0,0
684,0,0,0,0,0.0,0,0,0.0,False,0.0,0,0,0,0,0,0,0.0,0,0
685,0,0,0,0,0.0,0,0,0.0,False,0.0,0,0,0,0,0,0,0.0,0,0
686,0,0,0,0,0.0,0,0,0.0,False,0.0,0,0,0,0,0,0,0.0,0,0
687,0,0,0,0,0.0,0,0,0.0,False,0.0,0,0,0,0,0,0,0.0,0,0
688,0,0,0,0,0.0,0,0,0.0,False,0.0,0,0,0,0,0,0,0.0,0,0
689,0,0,0,0,0.0,0,0,0.0,False,0.0,0,0,0,0,0,0,0.0,0,0
690,0,0,0,0,0.0,0,0,0.0,False,0.0,0,0,0,0,0,0,0.0,0,0
691,0,0,0,0,0.0,0,0,0.0,False,0.0,0,0,0,0,0,0,0.0,0,0
692,0,0,0,0,0.0,0,0,0.0,False,0.0,0,0,0,0,0,0,0.0,0,0
693,0,0,0,0,0.0,0,0,0.0,False,0.0,0,0,0,0,0,0,0.0,0,0
694,0,0,0,0,0.0,0,0,0.0,False,0.0,0,0,0,0,0,0,0.0,0,0
695,0,0,0,0,0.0,0,0,0.0,False,0.0,0,0,0,0,0,0,0.0,0,0
696,0,2,48,1,82.3,1,1,26.6,False,57.6,173,0,0,0,0,0,126.0,12,0
697,0,0,2,0,0.3,0,0,0.1,False,0.2,2,0,0,0,0,0,0.0,1,0
698,0,0,0,0,0.0,0,0,0.0,False,0.0,0,0,0,0,0,0,0.0,0,0
699,0,0,0,0,0.0,0,0,0.0,False,0.0,0,0,0,0,0,0,0.0,0,0
700,1,3,43,2,26.1,0,1,10.9,True,58.8,175,0,0,0,0,0,24.0,14,0
701,1,1,46,0,49.2,3,1,17.7,False,68.8,180,0,0,0,0,0,59.0,13,0
702,0,0,13,0,4.2,2,0,2.6,False,21.4,135,0,0,0,0,0,0.0,3,0
703,0,0,0,0,0.0,0,0,0.0,False,0.0,0,0,0,0,0,0,0.0,0,0
704,0,0,0,0,0.0,0,0,0.0,False,0.0,0,0,0,0,0,0,0.0,0,0
705,0,0,0,0,0.0,0,0,0.0,False,0.0,0,0,0,0,0,0,0.0,0,0
706,0,0,0,0,0.0,0,0,0.0,False,0.0,0,0,0,0,0,0,0.0,0,0
707,0,0,0,0,0.0,0,0,0.0,False,0.0,0,0,0,0,0,0,0.0,0,0
708,0,0,0,0,0.0,0,0,0.0,False,0.0,0,0,0,0,0,0,0.0,0,0
709,0,0,0,0,0.0,0,0,0.0,False,0.0,0,0,0,0,0,0,0.0,0,0
710,0,0,0,0,0.0,0,0,0.0,False,0.0,0,0,0,0,0,0,0.0,0,0
711,0,0,0,0,0.0,0,0,0.0,False,0.0,0,0,0,0,0,0,0.0,0,0
